RA,Dec,Best_fit_table,One_sigma_radius
283.8886499019776,11.501191863597466,soft,10.062538180608064
